Model,Year,Mileage,Price
BMW 3 Series,2024,12404,37259.6
Dodge Challenger,2024,6554,25844.6
Dodge Challenger,2024,17747,24725.3
Mercedes C-Class,2024,19067,38593.3
Dodge Challenger,2022,28080,20692.0
Ford Mustang,2022,53677,22132.3
Ford Mustang,2022,27089,24791.1
BMW 3 Series,2023,27444,34255.6
BMW 3 Series,2022,54067,30093.3
BMW 3 Series,2022,58477,29652.3
Ford Mustang,2020,43328,20167.2
BMW 3 Series,2024,8743,37625.7
BMW 3 Series,2021,59974,28002.6
Dodge Challenger,2025,7397,27260.3
Ford Mustang,2024,9050,29595.0
Dodge Challenger,2025,5775,27422.5
Mercedes C-Class,2021,61966,29803.4
BMW 3 Series,2025,6955,39304.5
Dodge Challenger,2024,16193,24880.7
Ford Mustang,2022,29448,24555.2
Ford Mustang,2025,7674,31232.6
Dodge Challenger,2025,7912,27208.8
Mercedes C-Class,2024,8858,39614.2
Dodge Challenger,2020,88696,11630.4
Dodge Challenger,2024,11925,25307.5
Mercedes C-Class,2023,13340,37666.0
Ford Mustang,2024,6654,29834.6
Dodge Challenger,2023,28344,22165.6
Dodge Challenger,2025,396,27960.4
Ford Mustang,2020,85538,15946.2
Dodge Challenger,2024,15857,24914.3
BMW 3 Series,2021,66223,27377.7
Ford Mustang,2025,8123,31187.7
Ford Mustang,2023,25454,26454.6
Dodge Challenger,2022,20408,21459.2
Ford Mustang,2024,16855,28814.5
BMW 3 Series,2022,35554,31944.6
Dodge Challenger,2023,18372,23162.8
Dodge Challenger,2024,5152,25984.8
BMW 3 Series,2023,27229,34277.1
Ford Mustang,2021,37037,22296.3
Ford Mustang,2022,37975,23702.5
Ford Mustang,2022,33646,24135.4
Ford Mustang,2024,14690,29031.0
Dodge Challenger,2020,81202,12379.8
Dodge Challenger,2022,41824,19317.6
Dodge Challenger,2020,81210,12379.0
Dodge Challenger,2024,15861,24913.9
BMW 3 Series,2023,36699,33330.1
Ford Mustang,2025,9761,31023.9
BMW 3 Series,2023,17798,35220.2
Ford Mustang,2025,1659,31834.1
Ford Mustang,2025,3450,31655.0
Mercedes C-Class,2025,204,41979.6
Ford Mustang,2023,21221,26877.9
Mercedes C-Class,2023,33123,35687.7
BMW 3 Series,2021,76687,26331.3
Ford Mustang,2024,7851,29714.9
Mercedes C-Class,2022,30705,34429.5
Mercedes C-Class,2022,40854,33414.6
BMW 3 Series,2023,18825,35117.5
Mercedes C-Class,2024,10700,39430.0
Mercedes C-Class,2023,11864,37813.6
Dodge Challenger,2020,89744,11525.6
Mercedes C-Class,2023,35176,35482.4
BMW 3 Series,2021,62958,27704.2
BMW 3 Series,2023,22188,34781.2
Mercedes C-Class,2023,21723,36827.7
Dodge Challenger,2020,80805,12419.5
BMW 3 Series,2022,52960,30204.0
Dodge Challenger,2023,16710,23329.0
Ford Mustang,2025,6213,31378.7
Mercedes C-Class,2024,18784,38621.6
Mercedes C-Class,2021,78099,28190.1
BMW 3 Series,2024,19532,36546.8
Mercedes C-Class,2023,33012,35698.8
Mercedes C-Class,2024,7876,39712.4
Dodge Challenger,2024,18656,24634.4
Dodge Challenger,2022,48710,18629.0
BMW 3 Series,2023,17570,35243.0
Mercedes C-Class,2024,11567,39343.3
Ford Mustang,2024,11326,29367.4
BMW 3 Series,2024,7489,37751.1
Dodge Challenger,2022,44883,19011.7
Ford Mustang,2025,7619,31238.1
Dodge Challenger,2021,50510,16949.0
Dodge Challenger,2021,64144,15585.6
Ford Mustang,2024,17186,28781.4
Ford Mustang,2020,49914,19508.6
Dodge Challenger,2025,1672,27832.8
Mercedes C-Class,2020,49331,29566.9
Ford Mustang,2023,31604,25839.6
Dodge Challenger,2021,69294,15070.6
Ford Mustang,2022,41271,23372.9
Ford Mustang,2021,75055,18494.5
Dodge Challenger,2020,43288,16171.2
BMW 3 Series,2022,55969,29903.1
Ford Mustang,2021,61792,19820.8
BMW 3 Series,2021,66054,27394.6
BMW 3 Series,2020,81391,24360.9
Mercedes C-Class,2024,19661,38533.9
Mercedes C-Class,2023,18540,37146.0
BMW 3 Series,2021,69652,27034.8
Mercedes C-Class,2020,54487,29051.3
Dodge Challenger,2023,10077,23992.3
BMW 3 Series,2023,20434,34956.6
Mercedes C-Class,2020,60232,28476.8
Dodge Challenger,2022,46690,18831.0
Mercedes C-Class,2020,55443,28955.7
Mercedes C-Class,2022,50659,32434.1
BMW 3 Series,2020,59671,26532.9
Dodge Challenger,2023,33485,21651.5
BMW 3 Series,2022,41717,31328.3
Ford Mustang,2025,5099,31490.1
Mercedes C-Class,2022,28788,34621.2
BMW 3 Series,2022,50174,30482.6
BMW 3 Series,2021,32557,30744.3
Mercedes C-Class,2024,8231,39676.9
BMW 3 Series,2025,9173,39082.7
Ford Mustang,2025,5914,31408.6
Mercedes C-Class,2020,51796,29320.4
Ford Mustang,2025,9085,31091.5
BMW 3 Series,2022,57666,29733.4
Ford Mustang,2021,73622,18637.8
Ford Mustang,2021,48786,21121.4
Ford Mustang,2020,59183,18581.7
Ford Mustang,2022,41676,23332.4
Mercedes C-Class,2021,47016,31298.4
Dodge Challenger,2022,20326,21467.4
Mercedes C-Class,2023,20345,36965.5
BMW 3 Series,2023,28175,34182.5
BMW 3 Series,2025,6152,39384.8
Dodge Challenger,2021,79518,14048.2
BMW 3 Series,2025,3244,39675.6
Ford Mustang,2025,2400,31760.0
BMW 3 Series,2025,2426,39757.4
Dodge Challenger,2020,45179,15982.1
Ford Mustang,2025,1353,31864.7
BMW 3 Series,2024,13112,37188.8
Dodge Challenger,2022,49140,18586.0
BMW 3 Series,2020,83479,24152.1
Ford Mustang,2024,16534,28846.6
Mercedes C-Class,2022,23529,35147.1
Ford Mustang,2025,8088,31191.2
Ford Mustang,2022,59087,21591.3
Mercedes C-Class,2022,57023,31797.7
BMW 3 Series,2020,68455,25654.5
Mercedes C-Class,2022,26310,34869.0
Ford Mustang,2024,8036,29696.4
BMW 3 Series,2022,43901,31109.9
Mercedes C-Class,2021,64030,29597.0
Mercedes C-Class,2024,5564,39943.6
Dodge Challenger,2024,16602,24839.8
Ford Mustang,2020,70381,17461.9
BMW 3 Series,2024,18434,36656.6
Mercedes C-Class,2025,3998,41600.2
Ford Mustang,2025,5138,31486.2
Dodge Challenger,2025,6505,27349.5
Ford Mustang,2024,9797,29520.3
Dodge Challenger,2021,72978,14702.2
Dodge Challenger,2024,9076,25592.4
BMW 3 Series,2021,60368,27963.2
BMW 3 Series,2024,5473,37952.7
BMW 3 Series,2025,4726,39527.4
Ford Mustang,2021,64205,19579.5
Mercedes C-Class,2025,9104,41089.6
Dodge Challenger,2022,57488,17751.2
Mercedes C-Class,2020,44679,30032.1
BMW 3 Series,2025,6253,39374.7
Dodge Challenger,2022,27181,20781.9
BMW 3 Series,2023,19047,35095.3
Ford Mustang,2021,35231,22476.9
Ford Mustang,2022,20048,25495.2
Dodge Challenger,2022,22969,21203.1
Ford Mustang,2020,83954,16104.6
BMW 3 Series,2020,53976,27102.4
BMW 3 Series,2021,63560,27644.0
BMW 3 Series,2024,16256,36874.4
Mercedes C-Class,2025,5699,41430.1
Dodge Challenger,2022,25166,20983.4
Dodge Challenger,2023,21582,22841.8
Ford Mustang,2023,15639,27436.1
Dodge Challenger,2020,81509,12349.1
Ford Mustang,2020,53246,19175.4
Dodge Challenger,2023,31648,21835.2
Ford Mustang,2023,20342,26965.8
Dodge Challenger,2025,8,27999.2
Ford Mustang,2024,7853,29714.7
Mercedes C-Class,2020,61449,28355.1
Mercedes C-Class,2023,35108,35489.2
Mercedes C-Class,2024,8098,39690.2
Ford Mustang,2020,81892,16310.8
Ford Mustang,2023,38705,25129.5
Ford Mustang,2023,24546,26545.4
Dodge Challenger,2022,33270,20173.0
Ford Mustang,2021,52752,20724.8
Dodge Challenger,2022,26280,20872.0
BMW 3 Series,2023,38692,33130.8
Dodge Challenger,2021,74022,14597.8
Mercedes C-Class,2022,21570,35343.0
Ford Mustang,2024,8034,29696.6
Dodge Challenger,2020,54877,15012.3
Dodge Challenger,2021,46213,17378.7
Mercedes C-Class,2021,76961,28303.9
BMW 3 Series,2023,28513,34148.7
Ford Mustang,2024,18773,28622.7
Mercedes C-Class,2023,17079,37292.1
Mercedes C-Class,2023,31857,35814.3
Dodge Challenger,2022,39698,19530.2
BMW 3 Series,2022,50384,30461.6
Ford Mustang,2023,13942,27605.8
Ford Mustang,2022,26300,24870.0
BMW 3 Series,2021,53361,28663.9
Dodge Challenger,2025,3473,27652.7
Dodge Challenger,2023,21636,22836.4
Dodge Challenger,2022,56290,17871.0
Mercedes C-Class,2021,45962,31403.8
Ford Mustang,2021,51303,20869.7
Ford Mustang,2022,31784,24321.6
Dodge Challenger,2021,33448,18655.2
BMW 3 Series,2022,58688,29631.2
Dodge Challenger,2023,19119,23088.1
Dodge Challenger,2021,44252,17574.8
Mercedes C-Class,2023,16596,37340.4
Ford Mustang,2025,1542,31845.8
Dodge Challenger,2022,34147,20085.3
Dodge Challenger,2024,6539,25846.1
Dodge Challenger,2024,15952,24904.8
Ford Mustang,2022,37822,23717.8
Mercedes C-Class,2025,6844,41315.6
BMW 3 Series,2020,40628,28437.2
Ford Mustang,2020,42681,20231.9
Ford Mustang,2024,5022,29997.8
Mercedes C-Class,2021,78051,28194.9
Mercedes C-Class,2023,13378,37662.2
BMW 3 Series,2025,5590,39441.0
Ford Mustang,2025,4156,31584.4
Mercedes C-Class,2025,1580,41842.0
Mercedes C-Class,2025,6286,41371.4
Ford Mustang,2023,17400,27260.0
Ford Mustang,2024,18471,28652.9
Dodge Challenger,2024,11305,25369.5
BMW 3 Series,2020,76583,24841.7
Dodge Challenger,2023,28107,22189.3
Mercedes C-Class,2023,34098,35590.2
Ford Mustang,2020,64469,18053.1
Dodge Challenger,2020,82779,12222.1
Mercedes C-Class,2020,82614,26238.6
BMW 3 Series,2022,23472,33152.8
Ford Mustang,2020,45702,19929.8
Mercedes C-Class,2023,11259,37874.1
Dodge Challenger,2020,66255,13874.5
BMW 3 Series,2021,72299,26770.1
Ford Mustang,2022,59592,21540.8
Mercedes C-Class,2021,79201,28079.9
Ford Mustang,2021,58320,20168.0
Ford Mustang,2024,5577,29942.3
BMW 3 Series,2020,68626,25637.4
Dodge Challenger,2025,2236,27776.4
BMW 3 Series,2024,13246,37175.4
BMW 3 Series,2021,69643,27035.7
Mercedes C-Class,2023,10797,37920.3
BMW 3 Series,2025,7959,39204.1
Mercedes C-Class,2021,37104,32289.6
Dodge Challenger,2023,38691,21130.9
BMW 3 Series,2022,42019,31298.1
BMW 3 Series,2020,58228,26677.2
Dodge Challenger,2021,32021,18797.9
Dodge Challenger,2023,23524,22647.6
BMW 3 Series,2023,30801,33919.9
Mercedes C-Class,2023,39416,35058.4
Dodge Challenger,2020,58014,14698.6
BMW 3 Series,2024,13495,37150.5
Mercedes C-Class,2022,57887,31711.3
Dodge Challenger,2024,15785,24921.5
Mercedes C-Class,2022,41941,33305.9
BMW 3 Series,2020,63260,26174.0
Dodge Challenger,2025,9667,27033.3
Mercedes C-Class,2023,15220,37478.0
Dodge Challenger,2022,56935,17806.5
BMW 3 Series,2023,20391,34960.9
BMW 3 Series,2023,20062,34993.8
BMW 3 Series,2020,84913,24008.7
Ford Mustang,2023,28268,26173.2
Ford Mustang,2023,29747,26025.3
Dodge Challenger,2025,3997,27600.3
BMW 3 Series,2024,14107,37089.3
Dodge Challenger,2022,37638,19736.2
BMW 3 Series,2022,56018,29898.2
Dodge Challenger,2020,77475,12752.5
Mercedes C-Class,2021,35598,32440.2
Dodge Challenger,2023,25917,22408.3
Mercedes C-Class,2025,8860,41114.0
Mercedes C-Class,2025,9222,41077.8
Mercedes C-Class,2024,13447,39155.3
Mercedes C-Class,2022,48299,32670.1
Ford Mustang,2020,80463,16453.7
BMW 3 Series,2020,61569,26343.1
Dodge Challenger,2023,11805,23819.5
Mercedes C-Class,2020,74411,27058.9
Dodge Challenger,2023,36127,21387.3
Dodge Challenger,2020,85968,11903.2
Ford Mustang,2021,49111,21088.9
Ford Mustang,2020,73029,17197.1
BMW 3 Series,2023,26628,34337.2
Dodge Challenger,2020,51056,15394.4
Dodge Challenger,2024,9630,25537.0
Ford Mustang,2020,48871,19612.9
BMW 3 Series,2025,1508,39849.2
BMW 3 Series,2021,48542,29145.8
Mercedes C-Class,2021,71225,28877.5
BMW 3 Series,2024,7115,37788.5
Mercedes C-Class,2024,16395,38860.5
BMW 3 Series,2020,82478,24252.2
Mercedes C-Class,2022,48819,32618.1
Dodge Challenger,2024,12984,25201.6
Ford Mustang,2021,42542,21745.8
Mercedes C-Class,2025,3211,41678.9
Ford Mustang,2020,65101,17989.9
BMW 3 Series,2025,4693,39530.7
Ford Mustang,2025,9365,31063.5
Dodge Challenger,2022,47081,18791.9
Dodge Challenger,2025,5474,27452.6
Dodge Challenger,2021,48425,17157.5
BMW 3 Series,2024,8349,37665.1
Mercedes C-Class,2024,9267,39573.3
Dodge Challenger,2021,70629,14937.1
Dodge Challenger,2021,61233,15876.7
Ford Mustang,2020,63684,18131.6
BMW 3 Series,2022,38509,31649.1
Mercedes C-Class,2021,73920,28608.0
Mercedes C-Class,2025,3783,41621.7
Ford Mustang,2022,28122,24687.8
Dodge Challenger,2020,72856,13214.4
Mercedes C-Class,2021,54173,30582.7
BMW 3 Series,2022,42331,31266.9
Ford Mustang,2020,79088,16591.2
Dodge Challenger,2022,30280,20472.0
BMW 3 Series,2021,57379,28262.1
Ford Mustang,2021,32321,22767.9
Mercedes C-Class,2021,33848,32615.2
Dodge Challenger,2020,83637,12136.3
Dodge Challenger,2021,34244,18575.6
Mercedes C-Class,2020,68964,27603.6
Dodge Challenger,2022,48498,18650.2
Ford Mustang,2023,16744,27325.6
Dodge Challenger,2023,38228,21177.2
Mercedes C-Class,2020,58539,28646.1
BMW 3 Series,2025,4283,39571.7
Mercedes C-Class,2025,3671,41632.9
Ford Mustang,2024,19307,28569.3
Dodge Challenger,2023,28994,22100.6
Dodge Challenger,2022,30729,20427.1
Ford Mustang,2020,53519,19148.1
Dodge Challenger,2024,8146,25685.4
Ford Mustang,2025,5336,31466.4
BMW 3 Series,2024,9150,37585.0
BMW 3 Series,2025,3689,39631.1
Mercedes C-Class,2020,71995,27300.5
Mercedes C-Class,2022,46879,32812.1
Dodge Challenger,2025,6909,27309.1
BMW 3 Series,2022,20898,33410.2
Ford Mustang,2024,18530,28647.0
BMW 3 Series,2025,1864,39813.6
Dodge Challenger,2022,36250,19875.0
Ford Mustang,2023,20810,26919.0
Dodge Challenger,2023,37900,21210.0
Mercedes C-Class,2020,71712,27328.8
Dodge Challenger,2020,53431,15156.9
BMW 3 Series,2020,47298,27770.2
BMW 3 Series,2024,5095,37990.5
Dodge Challenger,2020,46840,15816.0
Ford Mustang,2022,57065,21793.5
BMW 3 Series,2025,6985,39301.5
Mercedes C-Class,2021,65032,29496.8
Dodge Challenger,2024,5889,25911.1
Dodge Challenger,2021,56979,16302.1
Ford Mustang,2025,6832,31316.8
Ford Mustang,2022,24818,25018.2
BMW 3 Series,2021,36728,30327.2
Mercedes C-Class,2024,17333,38766.7
Mercedes C-Class,2025,4997,41500.3
Ford Mustang,2024,19163,28583.7
BMW 3 Series,2022,37250,31775.0
Mercedes C-Class,2024,5909,39909.1
Ford Mustang,2025,9417,31058.3
Mercedes C-Class,2024,12523,39247.7
Mercedes C-Class,2022,29139,34586.1
BMW 3 Series,2023,21448,34855.2
Ford Mustang,2023,22800,26720.0
BMW 3 Series,2022,39683,31531.7
BMW 3 Series,2021,33610,30639.0
Ford Mustang,2024,19856,28514.4
Ford Mustang,2024,6515,29848.5
Ford Mustang,2022,52355,22264.5
Dodge Challenger,2023,28299,22170.1
BMW 3 Series,2021,56335,28366.5
Ford Mustang,2020,41056,20394.4
BMW 3 Series,2021,68347,27165.3
Dodge Challenger,2022,38574,19642.6
Ford Mustang,2024,19299,28570.1
BMW 3 Series,2023,13138,35686.2
Dodge Challenger,2020,65295,13970.5
Ford Mustang,2024,8552,29644.8
Ford Mustang,2025,1770,31823.0
Dodge Challenger,2022,23605,21139.5
Dodge Challenger,2021,62051,15794.9
BMW 3 Series,2025,9146,39085.4
BMW 3 Series,2021,44221,29577.9
Dodge Challenger,2021,43681,17631.9
Dodge Challenger,2025,1757,27824.3
Mercedes C-Class,2021,53162,30683.8
Ford Mustang,2022,47021,22797.9
Ford Mustang,2025,7316,31268.4
Ford Mustang,2024,5679,29932.1
Dodge Challenger,2023,38925,21107.5
BMW 3 Series,2025,3074,39692.6
Dodge Challenger,2025,9679,27032.1
Dodge Challenger,2022,28946,20605.4
Ford Mustang,2021,54041,20595.9
Dodge Challenger,2023,16376,23362.4
Dodge Challenger,2025,4330,27567.0
BMW 3 Series,2022,59792,29520.8
BMW 3 Series,2021,71648,26835.2
BMW 3 Series,2021,66123,27387.7
BMW 3 Series,2020,71508,25349.2
Ford Mustang,2024,7719,29728.1
BMW 3 Series,2024,6512,37848.8
Ford Mustang,2025,4506,31549.4
Dodge Challenger,2025,396,27960.4
Mercedes C-Class,2021,65251,29474.9
Mercedes C-Class,2020,68583,27641.7
BMW 3 Series,2022,24082,33091.8
Ford Mustang,2020,55099,18990.1
Mercedes C-Class,2023,15907,37409.3
BMW 3 Series,2021,77910,26209.0
Dodge Challenger,2024,6683,25831.7
Mercedes C-Class,2025,401,41959.9
BMW 3 Series,2023,36500,33350.0
Mercedes C-Class,2024,11413,39358.7
Dodge Challenger,2024,11632,25336.8
Mercedes C-Class,2022,36279,33872.1
Ford Mustang,2024,6270,29873.0
BMW 3 Series,2021,54249,28575.1
Ford Mustang,2021,48536,21146.4
Dodge Challenger,2020,54579,15042.1
Mercedes C-Class,2020,76028,26897.2
Mercedes C-Class,2025,2322,41767.8
Dodge Challenger,2021,79237,14076.3
Mercedes C-Class,2023,37461,35253.9
BMW 3 Series,2022,50892,30410.8
Ford Mustang,2020,83709,16129.1
Dodge Challenger,2022,35932,19906.8
Dodge Challenger,2024,9519,25548.1
BMW 3 Series,2020,66732,25826.8
BMW 3 Series,2023,27560,34244.0
Dodge Challenger,2024,15320,24968.0
Ford Mustang,2023,11411,27858.9
Dodge Challenger,2023,17438,23256.2
Mercedes C-Class,2021,42392,31760.8
Dodge Challenger,2024,17394,24760.6
Mercedes C-Class,2021,70708,28929.2
Mercedes C-Class,2022,21858,35314.2
Dodge Challenger,2025,7630,27237.0
Dodge Challenger,2021,69729,15027.1
Ford Mustang,2025,631,31936.9
Mercedes C-Class,2021,35859,32414.1
Ford Mustang,2023,31667,25833.3
Dodge Challenger,2020,47431,15756.9
BMW 3 Series,2022,28015,32698.5
Mercedes C-Class,2021,58111,30188.9
Dodge Challenger,2025,8304,27169.6
Mercedes C-Class,2025,619,41938.1
Dodge Challenger,2023,36816,21318.4
Dodge Challenger,2020,46231,15876.9
BMW 3 Series,2020,55923,26907.7
Dodge Challenger,2021,73318,14668.2
Ford Mustang,2024,13074,29192.6
Ford Mustang,2020,54083,19091.7
Dodge Challenger,2021,70748,14925.2
Dodge Challenger,2023,15092,23490.8
Mercedes C-Class,2023,36777,35322.3
Dodge Challenger,2022,35164,19983.6
Mercedes C-Class,2022,37927,33707.3
Mercedes C-Class,2020,88380,25662.0
BMW 3 Series,2021,41721,29827.9
BMW 3 Series,2025,1968,39803.2
BMW 3 Series,2024,5179,37982.1
Ford Mustang,2020,83711,16128.9
Ford Mustang,2022,49967,22503.3
BMW 3 Series,2023,34362,33563.8
Mercedes C-Class,2025,6794,41320.6
Ford Mustang,2022,22494,25250.6
Mercedes C-Class,2020,89198,25580.2
Dodge Challenger,2021,75028,14497.2
Dodge Challenger,2020,81275,12372.5
Mercedes C-Class,2021,68990,29101.0
Mercedes C-Class,2024,6794,39820.6
Ford Mustang,2022,43911,23108.9
Dodge Challenger,2021,38834,18116.6
BMW 3 Series,2020,81556,24344.4
Dodge Challenger,2024,5872,25912.8
Mercedes C-Class,2021,58371,30162.9
Mercedes C-Class,2020,66120,27888.0
Ford Mustang,2025,6358,31364.2
BMW 3 Series,2022,30742,32425.8
Ford Mustang,2022,39769,23523.1
BMW 3 Series,2022,36362,31863.8
BMW 3 Series,2020,75716,24928.4
Dodge Challenger,2023,34252,21574.8
Mercedes C-Class,2021,66691,29330.9
Mercedes C-Class,2024,12419,39258.1
BMW 3 Series,2021,33019,30698.1
Ford Mustang,2020,67265,17773.5
Mercedes C-Class,2025,5203,41479.7
BMW 3 Series,2022,51098,30390.2
BMW 3 Series,2022,47186,30781.4
Mercedes C-Class,2022,31740,34326.0
BMW 3 Series,2020,58583,26641.7
Dodge Challenger,2022,49221,18577.9
Ford Mustang,2020,47015,19798.5
BMW 3 Series,2021,77337,26266.3
Dodge Challenger,2021,57915,16208.5
Mercedes C-Class,2025,6587,41341.3
Dodge Challenger,2023,25907,22409.3
Dodge Challenger,2020,79169,12583.1
Ford Mustang,2022,59830,21517.0
Mercedes C-Class,2020,85637,25936.3
Mercedes C-Class,2024,19867,38513.3
Mercedes C-Class,2024,16130,38887.0
Ford Mustang,2024,18490,28651.0
Ford Mustang,2021,63777,19622.3
Mercedes C-Class,2023,29283,36071.7
Ford Mustang,2025,8165,31183.5
Ford Mustang,2022,46328,22867.2
Ford Mustang,2020,48340,19666.0
Mercedes C-Class,2020,82320,26268.0
BMW 3 Series,2020,86313,23868.7
Dodge Challenger,2020,88794,11620.6
Mercedes C-Class,2022,21270,35373.0
Ford Mustang,2025,7027,31297.3
Ford Mustang,2022,26103,24889.7
Mercedes C-Class,2023,12706,37729.4
BMW 3 Series,2020,79440,24556.0
Mercedes C-Class,2025,116,41988.4
BMW 3 Series,2022,47108,30789.2
Dodge Challenger,2022,58013,17698.7
BMW 3 Series,2023,18910,35109.0
Ford Mustang,2022,27716,24728.4
Ford Mustang,2024,8374,29662.6
Mercedes C-Class,2020,64393,28060.7
Dodge Challenger,2024,9489,25551.1
Dodge Challenger,2020,65702,13929.8
Dodge Challenger,2021,55818,16418.2
Ford Mustang,2024,8059,29694.1
Ford Mustang,2022,38518,23648.2
Ford Mustang,2025,2222,31777.8
Ford Mustang,2023,29402,26059.8
Mercedes C-Class,2020,44555,30044.5
BMW 3 Series,2025,958,39904.2
Mercedes C-Class,2023,30617,35938.3
Mercedes C-Class,2021,56403,30359.7
BMW 3 Series,2023,17686,35231.4
Ford Mustang,2020,68120,17688.0
Dodge Challenger,2020,54198,15080.2
Dodge Challenger,2020,53617,15138.3
BMW 3 Series,2024,18386,36661.4
Dodge Challenger,2022,57089,17791.1
Mercedes C-Class,2024,11635,39336.5
Mercedes C-Class,2022,31677,34332.3
BMW 3 Series,2022,34210,32079.0
Ford Mustang,2023,28241,26175.9
BMW 3 Series,2024,17329,36767.1
BMW 3 Series,2020,47644,27735.6
Mercedes C-Class,2020,54755,29024.5
Dodge Challenger,2023,11057,23894.3
Ford Mustang,2023,18505,27149.5
Dodge Challenger,2024,16791,24820.9
Ford Mustang,2022,57227,21777.3
Ford Mustang,2023,37085,25291.5
Dodge Challenger,2020,70770,13423.0
Dodge Challenger,2025,2884,27711.6
Dodge Challenger,2020,85548,11945.2
BMW 3 Series,2024,12198,37280.2
Mercedes C-Class,2021,42424,31757.6
Ford Mustang,2025,6924,31307.6
Mercedes C-Class,2023,12087,37791.3
Dodge Challenger,2023,29060,22094.0
Ford Mustang,2024,6129,29887.1
Mercedes C-Class,2021,63787,29621.3
Mercedes C-Class,2021,64899,29510.1
BMW 3 Series,2023,36805,33319.5
Ford Mustang,2022,44858,23014.2
Dodge Challenger,2025,6505,27349.5
Dodge Challenger,2020,84446,12055.4
Ford Mustang,2022,40327,23467.3
BMW 3 Series,2025,6097,39390.3
Dodge Challenger,2022,47654,18734.6
Mercedes C-Class,2024,14649,39035.1
Dodge Challenger,2022,31221,20377.9
Mercedes C-Class,2022,39413,33558.7
Mercedes C-Class,2024,15788,38921.2
Ford Mustang,2023,32081,25791.9
Mercedes C-Class,2020,77434,26756.6
Mercedes C-Class,2020,77297,26770.3
Dodge Challenger,2023,13013,23698.7
Dodge Challenger,2025,9342,27065.8
Dodge Challenger,2024,7930,25707.0
Dodge Challenger,2021,43913,17608.7
Ford Mustang,2020,55703,18929.7
Dodge Challenger,2023,32736,21726.4
Mercedes C-Class,2025,7712,41228.8
Mercedes C-Class,2023,19311,37068.9
BMW 3 Series,2024,16572,36842.8
Ford Mustang,2022,49614,22538.6
BMW 3 Series,2025,1935,39806.5
Ford Mustang,2024,13895,29110.5
Dodge Challenger,2023,28698,22130.2
Ford Mustang,2022,41223,23377.7
Ford Mustang,2020,85485,15951.5
Dodge Challenger,2021,59641,16035.9
Dodge Challenger,2023,10388,23961.2
Ford Mustang,2025,6444,31355.6
Mercedes C-Class,2021,58322,30167.8
BMW 3 Series,2020,89878,23512.2
Mercedes C-Class,2020,72034,27296.6
Dodge Challenger,2024,18428,24657.2
BMW 3 Series,2024,16751,36824.9
BMW 3 Series,2024,11406,37359.4
Mercedes C-Class,2023,26218,36378.2
BMW 3 Series,2025,490,39951.0
Dodge Challenger,2020,50765,15423.5
Dodge Challenger,2024,16236,24876.4
BMW 3 Series,2023,30934,33906.6
BMW 3 Series,2025,7224,39277.6
Ford Mustang,2021,63420,19658.0
Mercedes C-Class,2022,22955,35204.5
Mercedes C-Class,2022,36614,33838.6
Ford Mustang,2021,35659,22434.1
BMW 3 Series,2024,9946,37505.4
BMW 3 Series,2022,52633,30236.7
Mercedes C-Class,2024,19158,38584.2
BMW 3 Series,2023,33643,33635.7
Ford Mustang,2024,5053,29994.7
Mercedes C-Class,2021,40269,31973.1
Ford Mustang,2023,33773,25622.7
BMW 3 Series,2020,55873,26912.7
BMW 3 Series,2023,36151,33384.9
Mercedes C-Class,2022,51032,32396.8
BMW 3 Series,2020,59955,26504.5
Ford Mustang,2021,30455,22954.5
Ford Mustang,2024,19318,28568.2
Dodge Challenger,2020,83627,12137.3
Ford Mustang,2021,34848,22515.2
Ford Mustang,2024,5376,29962.4
Ford Mustang,2021,40334,21966.6
Ford Mustang,2022,36440,23856.0
BMW 3 Series,2023,27532,34246.8
Dodge Challenger,2025,3714,27628.6
BMW 3 Series,2024,8025,37697.5
BMW 3 Series,2024,16815,36818.5
Mercedes C-Class,2021,33122,32687.8
Ford Mustang,2021,39983,22001.7
Dodge Challenger,2022,50982,18401.8
Dodge Challenger,2022,36073,19892.7
Dodge Challenger,2022,50711,18428.9
Mercedes C-Class,2024,6002,39899.8
Ford Mustang,2023,35552,25444.8
Ford Mustang,2024,18262,28673.8
Dodge Challenger,2023,28965,22103.5
Ford Mustang,2022,45742,22925.8
Dodge Challenger,2021,49951,17004.9
BMW 3 Series,2022,54348,30065.2
Mercedes C-Class,2023,25022,36497.8
Dodge Challenger,2024,14798,25020.2
BMW 3 Series,2024,12859,37214.1
Ford Mustang,2022,25663,24933.7
BMW 3 Series,2025,3386,39661.4
Dodge Challenger,2021,39051,18094.9
BMW 3 Series,2023,35217,33478.3
Mercedes C-Class,2023,21879,36812.1
Ford Mustang,2020,69874,17512.6
Ford Mustang,2024,14122,29087.8
Ford Mustang,2020,81585,16341.5
BMW 3 Series,2022,36866,31813.4
Ford Mustang,2021,56552,20344.8
Dodge Challenger,2020,41847,16315.3
Ford Mustang,2022,59725,21527.5
Mercedes C-Class,2020,60616,28438.4
Mercedes C-Class,2024,7300,39770.0
BMW 3 Series,2024,16908,36809.2
BMW 3 Series,2022,48257,30674.3
BMW 3 Series,2020,62608,26239.2
Dodge Challenger,2023,17373,23262.7
BMW 3 Series,2020,42766,28223.4
BMW 3 Series,2020,66391,25860.9
Dodge Challenger,2025,4068,27593.2
BMW 3 Series,2023,26719,34328.1
Mercedes C-Class,2025,3106,41689.4
Ford Mustang,2024,12498,29250.2
Ford Mustang,2023,38408,25159.2
BMW 3 Series,2023,20752,34924.8
Mercedes C-Class,2025,3846,41615.4
Dodge Challenger,2025,4484,27551.6
Dodge Challenger,2024,13231,25176.9
Ford Mustang,2020,43813,20118.7
Ford Mustang,2024,16375,28862.5
BMW 3 Series,2021,64435,27556.5
Ford Mustang,2023,33940,25606.0
Ford Mustang,2022,33369,24163.1
BMW 3 Series,2021,67886,27211.4
Mercedes C-Class,2025,5571,41442.9
Mercedes C-Class,2024,5425,39957.5
BMW 3 Series,2025,7904,39209.6
Dodge Challenger,2022,56203,17879.7
Dodge Challenger,2023,28409,22159.1
Mercedes C-Class,2025,8471,41152.9
BMW 3 Series,2023,34902,33509.8
Ford Mustang,2022,54207,22079.3
Ford Mustang,2023,23891,26610.9
Dodge Challenger,2023,33987,21601.3
BMW 3 Series,2024,19824,36517.6
Mercedes C-Class,2020,77970,26703.0
BMW 3 Series,2023,29926,34007.4
Mercedes C-Class,2022,40511,33448.9
Ford Mustang,2021,69063,19093.7
Mercedes C-Class,2020,43969,30103.1
BMW 3 Series,2022,45539,30946.1
Dodge Challenger,2022,25943,20905.7
Mercedes C-Class,2025,2188,41781.2
Dodge Challenger,2025,633,27936.7
Mercedes C-Class,2025,3980,41602.0
Ford Mustang,2021,35278,22472.2
BMW 3 Series,2025,1764,39823.6
Mercedes C-Class,2023,11568,37843.2
Dodge Challenger,2022,35356,19964.4
Mercedes C-Class,2025,5007,41499.3
Ford Mustang,2022,22073,25292.7
Mercedes C-Class,2023,37337,35266.3
BMW 3 Series,2023,28230,34177.0
Dodge Challenger,2024,9391,25560.9
Dodge Challenger,2025,4730,27527.0
Ford Mustang,2023,39643,25035.7
Dodge Challenger,2020,49343,15565.7
Dodge Challenger,2020,85952,11904.8
Mercedes C-Class,2021,46939,31306.1
Ford Mustang,2023,11120,27888.0
Dodge Challenger,2022,58706,17629.4
Ford Mustang,2023,18331,27166.9
Dodge Challenger,2023,29957,22004.3
BMW 3 Series,2021,58212,28178.8
Mercedes C-Class,2023,13242,37675.8
BMW 3 Series,2020,64428,26057.2
Mercedes C-Class,2022,59148,31585.2
Mercedes C-Class,2024,5227,39977.3
BMW 3 Series,2022,53697,30130.3
Ford Mustang,2023,32010,25799.0
BMW 3 Series,2025,102,39989.8
Ford Mustang,2025,7338,31266.2
Dodge Challenger,2022,28173,20682.7
Ford Mustang,2023,29700,26030.0
Ford Mustang,2025,5550,31445.0
Dodge Challenger,2022,29169,20583.1
BMW 3 Series,2020,78700,24630.0
BMW 3 Series,2025,5158,39484.2
BMW 3 Series,2020,64429,26057.1
Dodge Challenger,2022,47530,18747.0
Mercedes C-Class,2024,14151,39084.9
Ford Mustang,2025,7637,31236.3
Dodge Challenger,2022,30715,20428.5
BMW 3 Series,2023,33139,33686.1
Ford Mustang,2021,69794,19020.6
Mercedes C-Class,2021,55453,30454.7
BMW 3 Series,2021,37579,30242.1
BMW 3 Series,2021,43813,29618.7
Dodge Challenger,2022,47262,18773.8
Dodge Challenger,2020,79186,12581.4
Mercedes C-Class,2021,42221,31777.9
Mercedes C-Class,2025,6528,41347.2
Ford Mustang,2020,84829,16017.1
Mercedes C-Class,2022,22068,35293.2
Dodge Challenger,2023,20836,22916.4
Ford Mustang,2024,13644,29135.6
Mercedes C-Class,2024,7334,39766.6
Dodge Challenger,2021,46439,17356.1
Dodge Challenger,2025,595,27940.5
BMW 3 Series,2024,16580,36842.0
BMW 3 Series,2025,3233,39676.7
Dodge Challenger,2020,44866,16013.4
Mercedes C-Class,2025,5392,41460.8
BMW 3 Series,2021,54046,28595.4
Ford Mustang,2022,25765,24923.5
Dodge Challenger,2022,27093,20790.7
Ford Mustang,2021,51380,20862.0
Mercedes C-Class,2023,36457,35354.3
Ford Mustang,2020,87358,15764.2
Dodge Challenger,2020,63459,14154.1
BMW 3 Series,2020,81311,24368.9
Dodge Challenger,2025,3708,27629.2
Ford Mustang,2023,36937,25306.3
BMW 3 Series,2023,33635,33636.5
Ford Mustang,2025,8693,31130.7
BMW 3 Series,2024,8873,37612.7
BMW 3 Series,2024,12914,37208.6
Ford Mustang,2024,14570,29043.0
BMW 3 Series,2025,8164,39183.6
Mercedes C-Class,2021,37375,32262.5
Mercedes C-Class,2022,29830,34517.0
Ford Mustang,2021,30603,22939.7
Ford Mustang,2020,40129,20487.1
BMW 3 Series,2025,7313,39268.7
Dodge Challenger,2020,57863,14713.7
Mercedes C-Class,2024,18844,38615.6
Mercedes C-Class,2025,7903,41209.7
Dodge Challenger,2022,52158,18284.2
Ford Mustang,2021,44933,21506.7
Mercedes C-Class,2025,4342,41565.8
Ford Mustang,2024,14665,29033.5
BMW 3 Series,2024,7450,37755.0
BMW 3 Series,2023,11588,35841.2
BMW 3 Series,2021,49944,29005.6
BMW 3 Series,2024,18208,36679.2
Mercedes C-Class,2024,16015,38898.5
Mercedes C-Class,2023,27761,36223.9
Dodge Challenger,2025,7358,27264.2
Mercedes C-Class,2025,6592,41340.8
Mercedes C-Class,2021,42401,31759.9
BMW 3 Series,2024,7221,37777.9
Mercedes C-Class,2024,16080,38892.0
BMW 3 Series,2021,74887,26511.3
BMW 3 Series,2022,56709,29829.1
Ford Mustang,2024,6892,29810.8
Dodge Challenger,2021,66107,15389.3
Ford Mustang,2024,6072,29892.8
Dodge Challenger,2023,19143,23085.7
Ford Mustang,2020,84811,16018.9
Dodge Challenger,2023,38915,21108.5
Ford Mustang,2023,12694,27730.6
BMW 3 Series,2023,36900,33310.0
BMW 3 Series,2020,89944,23505.6
BMW 3 Series,2020,44057,28094.3
Ford Mustang,2022,48467,22653.3
BMW 3 Series,2022,36227,31877.3
Mercedes C-Class,2023,28604,36139.6
Ford Mustang,2020,65234,17976.6
BMW 3 Series,2023,16767,35323.3
Mercedes C-Class,2024,6704,39829.6
Ford Mustang,2024,9929,29507.1
Ford Mustang,2022,34968,24003.2
BMW 3 Series,2020,75337,24966.3
Ford Mustang,2024,5148,29985.2
Dodge Challenger,2022,37157,19784.3
Mercedes C-Class,2021,36244,32375.6
Dodge Challenger,2020,62034,14296.6
Mercedes C-Class,2024,15227,38977.3
Mercedes C-Class,2025,5908,41409.2
Dodge Challenger,2023,27457,22254.3
Dodge Challenger,2025,2332,27766.8
BMW 3 Series,2022,38460,31654.0
BMW 3 Series,2020,78417,24658.3
Mercedes C-Class,2023,11431,37856.9
Mercedes C-Class,2023,38262,35173.8
BMW 3 Series,2025,4262,39573.8
Ford Mustang,2020,86731,15826.9
Ford Mustang,2022,44223,23077.7
Ford Mustang,2020,66950,17805.0
Dodge Challenger,2025,2766,27723.4
BMW 3 Series,2023,27598,34240.2
Ford Mustang,2025,127,31987.3
BMW 3 Series,2022,33297,32170.3
BMW 3 Series,2023,31150,33885.0
Dodge Challenger,2025,1562,27843.8
Mercedes C-Class,2021,58706,30129.4
Mercedes C-Class,2025,6380,41362.0
Mercedes C-Class,2025,1012,41898.8
Dodge Challenger,2023,25045,22495.5
Mercedes C-Class,2020,76086,26891.4
Mercedes C-Class,2022,33392,34160.8
Ford Mustang,2024,10953,29404.7
Dodge Challenger,2022,31721,20327.9
Dodge Challenger,2020,79901,12509.9
Mercedes C-Class,2020,47103,29789.7
BMW 3 Series,2022,20175,33482.5
Mercedes C-Class,2020,61280,28372.0
Dodge Challenger,2022,25145,20985.5
BMW 3 Series,2024,11946,37305.4
BMW 3 Series,2023,10397,35960.3
Dodge Challenger,2024,12909,25209.1
BMW 3 Series,2020,53705,27129.5
Ford Mustang,2023,12093,27790.7
Ford Mustang,2024,5399,29960.1
Mercedes C-Class,2021,79885,28011.5
Ford Mustang,2025,4837,31516.3
Dodge Challenger,2024,16485,24851.5
Mercedes C-Class,2021,68826,29117.4
BMW 3 Series,2025,5988,39401.2
Mercedes C-Class,2020,73184,27181.6
Mercedes C-Class,2024,9096,39590.4
Mercedes C-Class,2025,2776,41722.4
Ford Mustang,2024,17612,28738.8
Mercedes C-Class,2025,3146,41685.4
Mercedes C-Class,2023,27867,36213.3
Dodge Challenger,2025,3217,27678.3
BMW 3 Series,2020,79845,24515.5
Mercedes C-Class,2023,20149,36985.1
Ford Mustang,2024,10338,29466.2
Dodge Challenger,2022,42315,19268.5
Dodge Challenger,2025,6847,27315.3
BMW 3 Series,2024,14120,37088.0
Mercedes C-Class,2021,36021,32397.9
Ford Mustang,2022,34958,24004.2
Ford Mustang,2020,84257,16074.3
Ford Mustang,2021,53119,20688.1
Ford Mustang,2024,13966,29103.4
BMW 3 Series,2021,55294,28470.6
BMW 3 Series,2022,34874,32012.6
BMW 3 Series,2021,53349,28665.1
BMW 3 Series,2025,5356,39464.4
Ford Mustang,2025,3365,31663.5
BMW 3 Series,2021,76463,26353.7
Ford Mustang,2025,3674,31632.6
Mercedes C-Class,2025,6744,41325.6
Dodge Challenger,2021,34237,18576.3
Mercedes C-Class,2025,1384,41861.6
Ford Mustang,2021,55441,20455.9
BMW 3 Series,2020,66089,25891.1
Mercedes C-Class,2025,5458,41454.2
Mercedes C-Class,2025,9034,41096.6
Ford Mustang,2023,25717,26428.3
Mercedes C-Class,2024,18695,38630.5
Dodge Challenger,2022,32411,20258.9
Dodge Challenger,2020,67477,13752.3
BMW 3 Series,2020,83726,24127.4
BMW 3 Series,2022,42057,31294.3
Dodge Challenger,2023,31959,21804.1
Mercedes C-Class,2023,10059,37994.1
Dodge Challenger,2022,39369,19563.1
BMW 3 Series,2020,48195,27680.5
BMW 3 Series,2022,27493,32750.7
Mercedes C-Class,2021,44511,31548.9
BMW 3 Series,2025,4959,39504.1
Ford Mustang,2024,5689,29931.1
Mercedes C-Class,2023,24302,36569.8
BMW 3 Series,2024,17820,36718.0
Mercedes C-Class,2025,2683,41731.7
Ford Mustang,2021,64385,19561.5
BMW 3 Series,2023,22264,34773.6
BMW 3 Series,2025,6471,39352.9
Dodge Challenger,2025,6322,27367.8
Ford Mustang,2022,49192,22580.8
Mercedes C-Class,2023,22057,36794.3
Mercedes C-Class,2025,6539,41346.1
Ford Mustang,2023,30223,25977.7
Ford Mustang,2023,21193,26880.7
Mercedes C-Class,2023,17838,37216.2
BMW 3 Series,2020,41579,28342.1
Ford Mustang,2025,9539,31046.1
Mercedes C-Class,2025,7708,41229.2
Ford Mustang,2022,55500,21950.0
BMW 3 Series,2025,7275,39272.5
Ford Mustang,2025,6864,31313.6
Mercedes C-Class,2021,37205,32279.5
Dodge Challenger,2022,31631,20336.9
Ford Mustang,2023,27477,26252.3
Dodge Challenger,2021,70652,14934.8
BMW 3 Series,2024,15890,36911.0
Dodge Challenger,2020,52477,15252.3
Ford Mustang,2020,77101,16789.9
Mercedes C-Class,2023,35906,35409.4
Dodge Challenger,2024,9092,25590.8
BMW 3 Series,2023,14264,35573.6
BMW 3 Series,2023,19091,35090.9
Dodge Challenger,2020,43497,16150.3
BMW 3 Series,2024,13252,37174.8
Mercedes C-Class,2025,9716,41028.4
Mercedes C-Class,2020,80012,26498.8
Ford Mustang,2024,17838,28716.2
Dodge Challenger,2024,8087,25691.3
Mercedes C-Class,2021,47654,31234.6
Ford Mustang,2020,63106,18189.4
BMW 3 Series,2021,44602,29539.8
Dodge Challenger,2021,60955,15904.5
Dodge Challenger,2021,62835,15716.5
Dodge Challenger,2023,22353,22764.7
BMW 3 Series,2020,68860,25614.0
Mercedes C-Class,2025,9654,41034.6
Mercedes C-Class,2025,4658,41534.2
Dodge Challenger,2022,23648,21135.2
Ford Mustang,2022,52936,22206.4
BMW 3 Series,2022,56306,29869.4
BMW 3 Series,2020,61732,26326.8
Ford Mustang,2023,39978,25002.2
BMW 3 Series,2024,15877,36912.3
Mercedes C-Class,2022,43374,33162.6
BMW 3 Series,2025,8949,39105.1
BMW 3 Series,2024,8325,37667.5
BMW 3 Series,2023,39595,33040.5
Ford Mustang,2021,57977,20202.3
Dodge Challenger,2023,14046,23595.4
BMW 3 Series,2023,30755,33924.5